MOTOROLA,,,SAMSUNG,,,XIAOMI,,,IPHONE,,,,,,,,,,
G1, $70.00 ,,J120 similar, $40.00 ,,Mi play, $110.00 ,,iPhone SE 2020, $70.00 ,,,,,,,,,
G2, $50.00 ,,J120 incell , $60.00 ,,Mi go/Mi 5A, $85.00 ,,iPhone 5G, $60.00 ,,,,,,,,,
G3, $60.00 ,,J2 similar , $50.00 ,,Mi 3 , $120.00 ,,iPhone 5C, $60.00 ,,,,,,,,,
G4 com aro, $90.00 ,,J2 incell , $60.00 ,,Mi 5, $120.00 ,,iPhone 5S/5SE, $70.00 ,,,,,,,,,
G4 play com aro, $80.00 ,,J2 pro similar , $45.00 ,,Mi a1 , $100.00 ,,iPhone 6G, $55.00 ,,,,,,,,,
G5, $65.00 ,,J2 pro incell , $65.00 ,,Mi a2   , $70.00 ,,iPhone 6s  , $65.00 ,,,,,,,,,
G5 plus, $60.00 ,,J2 core , $55.00 ,,Mi a2 lite, $75.00 ,,iPhone 6 Plus, $70.00 ,,,,,,,,,
G5s, $60.00 ,,J3 similar , $45.00 ,,Mi a3 incell , $80.00 ,,iPhone 6S Plus, $80.00 ,,,,,,,,,
G5s plus, $65.00 ,,J3 incell , $60.00 ,,Mi a3 oled , $270.00 ,,iPhone 7G, $70.00 ,,,,,,,,,
G5g com aro, $190.00 ,,J4 similar , $45.00 ,,Mi a3 oled com aro , $255.00 ,,iPhone 7 Plus, $75.00 ,,,,,,,,,
G5g plus/ G100, $115.00 ,,J4 incell , $65.00 ,,Mi a3 oled com aro (Premium), $270.00 ,,iPhone 7 Plus (Premium), $115.00 ,,,,,,,,,
G5g plus com aro, $220.00 ,,J4 oled , $130.00 ,,Mi 8 incell , $105.00 ,,iPhone 8G, $65.00 ,,,,,,,,,
G6, $90.00 ,,J4+/J4 core/J6+, $60.00 ,,Mi 8 oled , $150.00 ,,iPhone 8g (Premium), $100.00 ,,,,,,,,,
G6 com aro, $100.00 ,,J5 similar , $45.00 ,,Mi 8 lite , $75.00 ,,iPhone 8 Plus, $80.00 ,,,,,,,,,
G6 play/E5, $70.00 ,,J5 incell , $65.00 ,,Mi 8 lite com aro , $110.00 ,,iPhone 8 plus (Premium), $120.00 ,,,,,,,,,
G6 play/E5 com aro, $80.00 ,,J5 incell (Premium), $85.00 ,,Mi 9 oled , $185.00 ,,iPhone X oled (Premium), $200.00 ,,,,,,,,,
G6 plus, $75.00 ,,J5 pro similar , $50.00 ,,Mi 9 oled com aro , $240.00 ,,iPhone X incell (Premium), $100.00 ,,,,,,,,,
G6 plus com aro (Premium), $135.00 ,,J5 pro incell , $65.00 ,,Mi 9 incell, $100.00 ,,iPhone XR incell (Premium), $90.00 ,,,,,,,,,
G7/g7 plus , $85.00 ,,J5 pro oled , $140.00 ,,Mi 9 se incell , $130.00 ,,iPhone XR (Premium), $120.00 ,,,,,,,,,
G7 play, $65.00 ,,J5 metal similar , $45.00 ,,Mi 9 lite incell , $100.00 ,,iPhone XS Incell (Premium), $100.00 ,,,,,,,,,
G7 play com aro, $95.00 ,,J5 metal incell , $70.00 ,,Mi 9 lite oled , $160.00 ,,iPhone XS Oled (premium), $200.00 ,,,,,,,,,
G7 power, $75.00 ,,J5 prime , $60.00 ,,Mi 9t incell , $90.00 ,,iPhone XS Max oled (premium), $270.00 ,,,,,,,,,
G7 power com aro , $100.00 ,,J6 similar , $45.00 ,,Mi 9t oled, $265.00 ,,iPhone XS Max Incell (Premium), $100.00 ,,,,,,,,,
G8 play/One Macro, $60.00 ,,J6 incell , $60.00 ,,Mi 9t oled com aro  , $300.00 ,,iPhone 11 incell (Premium), $90.00 ,,,,,,,,,
G8 play/One Macro com aro, $105.00 ,,J6 oled , $195.00 ,,Mi 9t oled com aro (Premium), $320.00 ,,iPhone 11 (Premium), $120.00 ,,,,,,,,,
G8 play / one macro com aro (Premium), $130.00 ,,J7 similar , $45.00 ,,Mi 10 lite incell, $115.00 ,,iPhone 11 pro incell (Premium), $105.00 ,,,,,,,,,
G8 plus, $85.00 ,,J7/J7 neo incell , $65.00 ,,Mi 10 lite oled , $350.00 ,,iPhone 11 pro oled (Premium), $240.00 ,,,,,,,,,
G8 plus com aro, $105.00 ,,J7 pro similar , $50.00 ,,Mi note 10 pró/ mi note 10 lite oled , $355.00 ,,iPhone 11 Pro Max oled (Premium), $305.00 ,,,,,,,,,
G8 power, $85.00 ,,J7 pro incell , $70.00 ,,Mi 10T , $135.00 ,,iPhone 11 Pro Max Incell (Premium), $120.00 ,,,,,,,,,
G8 power com aro, $125.00 ,,J7 pro incell (Premium), $95.00 ,,Mi 11 lite incell, $120.00 ,,iPhone 12/ 12 pro oled (Premium), $310.00 ,,,,,,,,,
G8 power lite, $70.00 ,,J7 pro oled , $140.00 ,,Mi 11 lite oled , $340.00 ,,iPhone 12/12 pro incell (Premium), $145.00 ,,,,,,,,,
G8 power lite com aro, $90.00 ,,J7 metal similar , $45.00 ,,Mi 12 lite oled , $235.00 ,,iPhone 12 mini incell (Premium), $200.00 ,,,,,,,,,
G8, $75.00 ,,J7 metal incell , $60.00 ,,Mi 13 lite oled, $500.00 ,,iPhone 12 pro max incell (premium), $190.00 ,,,,,,,,,
G8 com aro, $95.00 ,,J7 prime , $60.00 ,,Redmi S2, $80.00 ,,iPhone 12 pro max oled (premium), $450.00 ,,,,,,,,,
G9, $150.00 ,,J7 prime 2 , $80.00 ,,Redmi a1 / Redmi A1 plus/ Redmi a2/ Poco C50, $90.00 ,,iPhone 13 incell (Premium), $185.00 ,,,,,,,,,
G9 play/ E7 plus, $60.00 ,,J8 similar , $45.00 ,,Redmi a1 / Redmi A1 plus/ Redmi a2/ Poco C50 com aro, $100.00 ,,iPhone 13 OLED (Premium), $365.00 ,,,,,,,,,
G9 play/E7 plus com aro, $90.00 ,,J8 incell , $60.00 ,,Redmi a1/ Redmi a1 plus/ Redmi a2/ Poco c50 com aro (Premium), $130.00 ,,iPhone 13 mini incell (Premium), $370.00 ,,,,,,,,,
G9 play / e7 plus com aro (Premium), $110.00 ,,J8 oled , $195.00 ,,Redmi a3, $70.00 ,,iPhone 13 incell (Premium), $220.00 ,,,,,,,,,
G9 plus, $105.00 ,,M13 4g com aro , $95.00 ,,Redmi a3 com aro, $110.00 ,,iPhone 13 pro oled (Premium), $510.00 ,,,,,,,,,
G9 plus com aro, $125.00 ,,M13 4g com aro (Premium), $120.00 ,,Redmi a5, $90.00 ,,iPhone 13 pro max incell (Premium), $250.00 ,,,,,,,,,
G9 power, $90.00 ,,M14 5g, $80.00 ,,Redmi 5 plus , $90.00 ,,iPhone 13 pro max oled (Premium), $575.00 ,,,,,,,,,
G9 power com aro, $130.00 ,,M14 5g com aro, $125.00 ,,Redmi 6 / Redmi 6a, $60.00 ,,iPhone 14 incell (Premium), $250.00 ,,,,,,,,,
G10/G20/G30, $60.00 ,,M14 5g com aro (Premium), $130.00 ,,Redmi 7 , $80.00 ,,iPhone 14 oled (Premium), $420.00 ,,,,,,,,,
G10/G20/G30 com aro, $75.00 ,,M15 oled com aro, $265.00 ,,Redmi 7a , $70.00 ,,iPhone 14 pro incell (Premium), $285.00 ,,,,,,,,,
G10/G20/G30 com aro (Premium), $115.00 ,,M20 , $75.00 ,,Redmi 7a com aro (Premium), $110.00 ,,iPhone 14 pro oled (Premium), $890.00 ,,,,,,,,,
G13/G23/G34/G53, $85.00 ,,M20 com aro  (Premium), $110.00 ,,Redmi 8/ Redmi 8a, $75.00 ,,iPhone 14 pro max incell (Premium), $390.00 ,,,,,,,,,
G13 com aro, $120.00 ,,M21s/M30/M31 incell , $70.00 ,,Redmi 8 / Redmi 8a com aro (Premium), $95.00 ,,iPhone 14 pro max oled (Premium), $870.00 ,,,,,,,,,
G13 com aro (Premium), $120.00 ,,M21s/M30/M31 incell com aro , $100.00 ,,Redmi 9 , $75.00 ,,iPhone 14 plus (Premium), $265.00 ,,,,,,,,,
G14/ G54, $80.00 ,,M21S / M30 / M31 oled, $170.00 ,,Redmi 9 com aro , $90.00 ,,iPhone 15 incell (Premium), $550.00 ,,,,,,,,,
G14 com aro (Premium), $170.00 ,,M22 incell com aro , $110.00 ,,Redmi 9a/ 9c/ 9i/ 10a/ Poco c3, $65.00 ,,iPhone 15 oled (Premium), $895.00 ,,,,,,,,,
G15 / G05, $105.00 ,,M22 oled com aro (premium), $280.00 ,,Redmi 9a/ 9c/ 9i/ 10a/ Poco C3 com aro, $90.00 ,,iPhone 15 pro incell (Premium), $795.00 ,,,,,,,,,
G15 com aro, $175.00 ,,M23 4g com aro , $125.00 ,,Redmi 9a/ 9c/ 9i/ 10a/ Poco C3 com aro (Premium), $110.00 ,,iPhone 15 pro oled (Premium)," $1,050.00 ",,,,,,,,,
G22/ E32, $70.00 ,,M23 5G/ M33 5g, $80.00 ,,Redmi 9t / poco m3, $70.00 ,,iPhone 15 pro max oled (Premium)," $1,280.00 ",,,,,,,,,
G22 com aro, $85.00 ,,M23 5g/ M33 5g  com aro (premium), $120.00 ,,Redmi 9t/ poco m3 com aro , $95.00 ,,,,,,,,,,,,
G22 com aro (Premium), $105.00 ,,M30/M31 oled com aro , $185.00 ,,Redmi 9t/ poco m3 com aro (Premium), $100.00 ,,TECNO ,,,,,,,,,,
G23 com aro, $-   ,,M32 incell com aro , $105.00 ,,Redmi 10/ Redmi 10 prime, $85.00 ,,Spark 8C, $95.00 ,,,,,,,,,
G23 com aro  (premium), $130.00 ,,M32 oled com aro (Premium), $230.00 ,,Redmi 10 5g com aro (Premium), $180.00 ,,Spark 9 pro, $85.00 ,,,,,,,,,
G24/ G04, $70.00 ,,M34 incell com aro, $130.00 ,,Redmi 10c / 12c / Poco c40 / Poco c55, $70.00 ,,Spark 10 pro, $90.00 ,,,,,,,,,
G24 com aro , $85.00 ,,M34 oled , $205.00 ,,Redmi 10c / Poco c40 com aro, $85.00 ,,Spark go, $105.00 ,,,,,,,,,
G24 com aro (Premium), $140.00 ,,M51 oled com aro , $300.00 ,,Redmi 10c/ Poco c40 com aro (Premium), $115.00 ,,Spark Go 2020, $105.00 ,,,,,,,,,
G10 play, $130.00 ,,M51 oled com aro (premium), $360.00 ,,Redmi 12 / Redmi 13 / Poco M6 pro 5g, $95.00 ,,Spark go 2022, $90.00 ,,,,,,,,,
G31 / G41 / G71 incell, $90.00 ,,M51 incell com aro , $105.00 ,,Redmi 12/ Poco m6 pró 5g com aro , $105.00 ,,Spark go 2023, $80.00 ,,,,,,,,,
G31 incell com aro, $115.00 ,,M52 5g oled com aro , $275.00 ,,Redmi 12 com aro / poco m6 pro 5g com aro (Premium), $140.00 ,,Spark go 2024, $80.00 ,,,,,,,,,
G31 oled com aro, $225.00 ,,M52 5g incell com aro , $120.00 ,,Redmi 12c / poco c55 com aro, $90.00 ,,Pova 3,$105 ,,,,,,,,,
G31 oled com aro (Premium), $240.00 ,,M53 incell com aro, $170.00 ,,Redmi 12c/ Poco C55 com aro (Premium), $120.00 ,,Camon i7, $85.00 ,,,,,,,,,
G32 / g73, $85.00 ,,M53 oled com aro , $300.00 ,,Redmi 13c/ Poco C65, $75.00 ,,Camon i7 plus,$100 ,,,,,,,,,
G32 com aro , $110.00 ,,M54 oled com aro (Premium), $400.00 ,,Redmi 13c / poco c65 com aro, $90.00 ,,Camon i8t, $100.00 ,,,,,,,,,
G32 com aro  (premium), $150.00 ,,M55 oled com aro (Premium), $275.00 ,,Redmi 13c com aro (Premium), $125.00 ,,Camon i8t,$100 ,,,,,,,,,
G34 com aro, $115.00 ,,M62 incell , $110.00 ,,Redmi 14c / Poco c75, $85.00 ,,,,,,,,,,,,
G35 com aro , $165.00 ,,M62 incell com aro , $130.00 ,,Redmi 14c com aro, $120.00 ,,,,,,,,,,,,
G41 incell com aro, $110.00 ,,M62 oled com aro (Premium), $400.00 ,,Redmi note 4x, $120.00 ,,,,,,,,,,,,
G41 oled com aro, $225.00 ,,A01, $60.00 ,,Redmi note 5/ note 5 pró , $70.00 ,,,,,,,,,,,,
G41 oled com aro (Premium), $240.00 ,,A01 com aro , $75.00 ,,Redmi note 6 pró , $70.00 ,,,,,,,,,,,,
G42 incell, $105.00 ,,A01 core , $65.00 ,,Redmi note 6 pró com aro (Premium), $110.00 ,,,,,,,,,,,,
G42 incell com aro, $110.00 ,,A01 core com aro , $80.00 ,,Redmi note 7 , $70.00 ,,,,,,,,,,,,
G42 oled com aro , $220.00 ,,A01 core com aro (Premium), $90.00 ,,Redmi note 7 com aro , $100.00 ,,,,,,,,,,,,
G42 oled com aro (premium), $230.00 ,,A02/A12//A32 5g/M12, $65.00 ,,Redmi note 8 , $65.00 ,,,,,,,,,,,,
G71 com aro, $280.00 ,,A02 com aro, $90.00 ,,Redmi note 8 com aro , $100.00 ,,,,,,,,,,,,
G50 4g, $135.00 ,,A02 com aro (Premium), $110.00 ,,Redmi note 8 com aro (Premium), $135.00 ,,,,,,,,,,,,
G50 4g com aro original, $240.00 ,,A02 core , $100.00 ,,Redmi Note 8t , $90.00 ,,,,,,,,,,,,
G50 5g, $75.00 ,,A02s/ A03s/ A03/ A04e, $65.00 ,,Redmi note 8T com aro , $105.00 ,,,,,,,,,,,,
G50 5g com aro, $110.00 ,,A02s com aro , $85.00 ,,Redmi note 8 pró, $75.00 ,,,,,,,,,,,,
G52 5g / g82 5g / edge 30 oled, $270.00 ,,A03 com aro , $70.00 ,,Redmi note 8 pro com aro , $105.00 ,,,,,,,,,,,,
G52 5G/ G82 5G oled com aro (premium), $340.00 ,,A03s com aro , $90.00 ,,Redmi note 8 pro com aro (Premium), $125.00 ,,,,,,,,,,,,
G52 5g / G82 5g/ Edge 30 incell , $90.00 ,,A03 core , $60.00 ,,Redmi note 9, $75.00 ,,,,,,,,,,,,
G52 5g/ G82 5g incell com aro , $100.00 ,,A03 core com aro , $75.00 ,,Redmi note 9 com aro , $95.00 ,,,,,,,,,,,,
G53 5g com aro, $105.00 ,,A04 , $80.00 ,,Redmi note 9 com aro (Premium), $105.00 ,,,,,,,,,,,,
G53 5g com aro (Premium), $125.00 ,,A04 com aro, $90.00 ,,Redmi note 9 pró/ note 9s, $70.00 ,,,,,,,,,,,,
G54 com aro, $105.00 ,,A04 com aro (linha premium), $120.00 ,,Redmi note 9 pró/ note 9s  com aro , $90.00 ,,,,,,,,,,,,
G54 com aro (Premium), $175.00 ,,A04e com aro , $90.00 ,,Redmi note 9t , $120.00 ,,,,,,,,,,,,
G55, $115.00 ,,A04e com aro (premium), $105.00 ,,Redmi note 10 4g/10s/ poco m5s incell, $75.00 ,,,,,,,,,,,,
G60/G60s, $85.00 ,,A04s / A13 5g, $65.00 ,,Redmi note 10 4g/10s/ poco m5s incell com aro  , $90.00 ,,,,,,,,,,,,
G60 com aro, $105.00 ,,A04s com aro , $80.00 ,,Redmi note 10 4g/10s/ poco m5s incell com aro (Premium), $120.00 ,,,,,,,,,,,,
G60s com aro, $110.00 ,,A04s com aro (Premium), $110.00 ,,Redmi note 10 4g/ 10s/ poco m5s oled , $165.00 ,,,,,,,,,,,,
G62, $110.00 ,,A05, $75.00 ,,Redmi note 10 4g/10s/ poco m5s oled com aro , $200.00 ,,,,,,,,,,,,
G62 com aro, $135.00 ,,A05 com aro, $95.00 ,,Redmi note 10 4g/10s/ poco m5s oled com aro (premium), $220.00 ,,,,,,,,,,,,
G62 com aro  (Premium), $155.00 ,,A05 com aro (premium), $110.00 ,,Redmi note 10 5g / Poco m3 pró 5g, $85.00 ,,,,,,,,,,,,
G64, $115.00 ,,A05s, $80.00 ,,Redmi note 10 5g / poco m3 pró 5g com aro , $100.00 ,,,,,,,,,,,,
G71 oled com aro, $225.00 ,,A05s com aro, $110.00 ,,Redmi Note 10 5g / poco m3 pro 5g com aro (Premium), $130.00 ,,,,,,,,,,,,
G71 oled com aro (Premium), $240.00 ,,A05s com aro (Premium), $160.00 ,,Redmi Note 10 pro/ 10 pro Max/Note 11 pro/ Poco x4 pro incell, $90.00 ,,,,,,,,,,,,
G72 oled com aro, $220.00 ,,A06, $80.00 ,,Redmi note 10 pro/ 10 pro max incell com aro  , $100.00 ,,,,,,,,,,,,
G73 com aro (Linha premium), $135.00 ,,A06 com aro, $110.00 ,,Redmi note 10 pro/ 10 pro max incell com aro (Premium), $135.00 ,,,,,,,,,,,,
G75, $220.00 ,,A06 com aro (premium), $170.00 ,,Redmi Note 10 pro / 10 pro max/ Note 11 pro / Poco x4 pro oled, $300.00 ,,,,,,,,,,,,
G82 oled com aro (Premium), $335.00 ,,A10/M10, $60.00 ,,Redmi note 10 pro / 10 pro max oled com aro (Premium), $330.00 ,,,,,,,,,,,,
G84 incell, $130.00 ,,A10/M10 com aro, $70.00 ,,Redmi note 11 4g / note 11s / note 12s /poco m4 pro 4g incell, $75.00 ,,,,,,,,,,,,
G84 incell com aro , $160.00 ,,A10s , $65.00 ,,Redmi note 11 4g incell com aro, $100.00 ,,,,,,,,,,,,
G84 oled com aro, $310.00 ,,A10s com aro , $75.00 ,,Redmi note 11 4g incell com aro  (Premium), $130.00 ,,,,,,,,,,,,
G84 oled com aro  (Linha premium), $330.00 ,,A11, $60.00 ,,Redmi Note 11 4g oled com aro, $225.00 ,,,,,,,,,,,,
G84 incell, $115.00 ,,A11 com aro , $75.00 ,,Redmi note 11 4g oled com aro (Premium), $240.00 ,,,,,,,,,,,,
G84 incell com aro , $150.00 ,,A11 com aro  (Premium), $110.00 ,,Redmi note 11s/note 12s/poco m4 pro 4g Incell com aro, $100.00 ,,,,,,,,,,,,
G85 5g incell, $225.00 ,,A12/ M12 com aro , $75.00 ,,Redmi note 11s/note 12s/ poco m4 pro 4g incell com aro (Premium), $125.00 ,,,,,,,,,,,,
G100 com aro, $230.00 ,,A12/ M12 com aro (Premium), $105.00 ,,Redmi note 11s / note 12s / poco m4 pro 4g oled com aro, $230.00 ,,,,,,,,,,,,
G200, $130.00 ,,A13 4g/A23 4g/M13 4g/ m23 4g/ m33 4g, $75.00 ,,Redmi note 11s/note 12s/poco m4 pro 4g oled com aro (premium), $225.00 ,,,,,,,,,,,,
G04 / G04s com aro, $105.00 ,,A13 4g com aro , $80.00 ,,Redmi note 11 5g, $90.00 ,,,,,,,,,,,,
G04 / G04s com aro (Premium), $130.00 ,,A13 5g com aro, $115.00 ,,Redmi note 11 5g com aro (Premium), $145.00 ,,,,,,,,,,,,
G05 com aro, $150.00 ,,A13 5g com aro (Premium), $125.00 ,,Redmi Note 11 pro/ Poco x4 pro incell com aro , $105.00 ,,,,,,,,,,,,
G Play 2021, $170.00 ,,A14 4g, $75.00 ,,Redmi note 11 pro incell / poco x4 pro incell com aro (Premium), $110.00 ,,,,,,,,,,,,
G Stylus, $170.00 ,,A14 4g com aro, $90.00 ,,Redmi note 11 pro/ Poco x4 pro oled com aro, $250.00 ,,,,,,,,,,,,
E4, $70.00 ,,A14 5g , $85.00 ,,Redmi Note 11 pro / poco x4 pro oled com aro (Premium), $285.00 ,,,,,,,,,,,,
E4 plus , $60.00 ,,A14 5g com aro , $100.00 ,,Redmi Note 11E/ Poco m4 5g/ Poco m5/ Redmi 10 5g, $90.00 ,,,,,,,,,,,,
E5 plus, $90.00 ,,A15 incell, $85.00 ,,Redmi note 11E com aro (Premium), $135.00 ,,,,,,,,,,,,
E5 plus com aro , $100.00 ,,A15 incell com aro , $100.00 ,,Redmi Note 12 4g/ 12 5g/ poco x5 5g incell , $85.00 ,,,,,,,,,,,,
E5 play, $85.00 ,,A15 incell com aro (Premium), $170.00 ,,Redmi note 12 4g incell com aro, $105.00 ,,,,,,,,,,,,
E5 play com aro, $130.00 ,,A15 oled com aro, $240.00 ,,Redmi Note 12 4g oled com aro, $250.00 ,,,,,,,,,,,,
E6 plus, $60.00 ,,A16 incell, $100.00 ,,Redmi Note 12 4g oled com aro (Premium), $300.00 ,,,,,,,,,,,,
E6 plus com aro, $80.00 ,,A16 incell com aro, $135.00 ,,Redmi note 12 5g / poco x5 5g incell com aro, $120.00 ,,,,,,,,,,,,
E6 play, $70.00 ,,A16 oled com aro (Premium), $390.00 ,,Redmi note 12 5g/ Poco x5 5g oled com aro , $280.00 ,,,,,,,,,,,,
E6 play com aro, $80.00 ,,A20 incell com aro , $75.00 ,,Redmi Note 12 5g / poco x5 5g oled com aro (Premium), $310.00 ,,,,,,,,,,,,
E6i/E6s, $70.00 ,,A20 oled , $130.00 ,,Redmi note 12 pro 4g incell, $95.00 ,,,,,,,,,,,,
E6s com aro, $90.00 ,,A20 oled com aro, $150.00 ,,Note 12 pro 4g incell com aro, $110.00 ,,,,,,,,,,,,
E7/E7 power, $60.00 ,,A20s, $70.00 ,,Redmi note 12 pro 4g incell com aro (premium), $135.00 ,,,,,,,,,,,,
E7 com aro, $85.00 ,,A20s com aro , $85.00 ,,Redmi note 12 pro 4g oled com aro (Premium), $290.00 ,,,,,,,,,,,,
E7 power com aro, $85.00 ,,A21 , $120.00 ,,Redmi Note 12 pro 5g / Poco x5 pró 5g incell , $95.00 ,,,,,,,,,,,,
E13, $70.00 ,,A21s , $60.00 ,,Redmi Note 12 pro 5g / Poco x5 pró 5g incell com aro (premium), $185.00 ,,,,,,,,,,,,
E13 com aro , $90.00 ,,A21s com aro, $85.00 ,,Redmi note 12 pro 5g / poco x5 pro 5g oled (Premium), $275.00 ,,,,,,,,,,,,
E13 com aro (Premium), $120.00 ,,A22 4g incell com aro , $90.00 ,,Redmi Note 12 pro plus oled com aro (Premium), $410.00 ,,,,,,,,,,,,
E20, $70.00 ,,A22 4g oled com aro, $190.00 ,,Redmi note 13 4g incell, $95.00 ,,,,,,,,,,,,
E20 com aro , $85.00 ,,A22 5g, $85.00 ,,Redmi note 13 4g incell com aro, $120.00 ,,,,,,,,,,,,
E20 com aro (Premium), $110.00 ,,A22 5g com aro, $100.00 ,,Note 13 4g incell com aro (Premium), $170.00 ,,,,,,,,,,,,
E22, $70.00 ,,A22 5g com aro (Premium), $110.00 ,,Note 13 4g oled, $230.00 ,,,,,,,,,,,,
E22 com aro, $85.00 ,,A23 4g com aro , $100.00 ,,Redmi note 13 4g oled com aro, $270.00 ,,,,,,,,,,,,
E32 com aro    , $90.00 ,,A23 4g com aro (Premium), $130.00 ,,Redmi note 13 4g oled com aro (premium), $450.00 ,,,,,,,,,,,,
E32 com aro (Premium), $120.00 ,,A23 5g (A236B), $85.00 ,,Redmi note 13 5g/ poco f5 5g, $110.00 ,,,,,,,,,,,,
E40, $85.00 ,,A23 5g com aro , $95.00 ,,Redmi note 13 pro 4g incell/ poco m6 pro 4g, $100.00 ,,,,,,,,,,,,
E40 com aro, $90.00 ,,A23 5g com aro (Premium), $120.00 ,,Redmi note 13 pro 4g/ poco m6 pro 4g incell com aro (Premium), $285.00 ,,,,,,,,,,,,
E40 com aro (Premium), $120.00 ,,A24 incell com aro, $115.00 ,,Redmi note 13 pro 5g/ poco x6/ poco x6 pro 5g incell, $130.00 ,,,,,,,,,,,,
Xplay, $80.00 ,,A24 incell com aro (Premium), $190.00 ,,Redmi note 13 pro 5g/ poco x6 oled com aro, $450.00 ,,,,,,,,,,,,
X2, $80.00 ,,A24 oled com aro, $220.00 ,,Redmi note 14  incell, $110.00 ,,,,,,,,,,,,
X4, $100.00 ,,A24 oled com aro (Premium), $410.00 ,,Redmi note 14 pro incell , $170.00 ,,,,,,,,,,,,
Z play incell, $90.00 ,,A25 5g incell com aro , $145.00 ,,Poco f1 , $90.00 ,,,,,,,,,,,,
Z play oled , $140.00 ,,A25 5g incell com aro (Premium), $160.00 ,,Poco f1 com aro  (Premium), $110.00 ,,,,,,,,,,,,
Z2 play oled , $170.00 ,,A25 5g oled com aro, $250.00 ,,Poco F3 incell , $95.00 ,,,,,,,,,,,,
Z3 play oled , $200.00 ,,A25 5g oled com aro (Premium), $280.00 ,,Poco F3 incell com aro (Premium), $150.00 ,,,,,,,,,,,,
C, $80.00 ,,A26 incell, $105.00 ,,Poco F3 oled com aro (Premium), $300.00 ,,,,,,,,,,,,
C plus, $80.00 ,,A30/A50 oled , $120.00 ,,Poco f4 incell, $90.00 ,,,,,,,,,,,,
One , $70.00 ,,A30/A50 oled com aro , $185.00 ,,Poco F4 incell com aro, $160.00 ,,,,,,,,,,,,
One com aro, $110.00 ,,A30 / A50 oled com aro (Premium), $190.00 ,,Poco F4 oled com aro (Premium), $285.00 ,,,,,,,,,,,,
One vision/One action, $210.00 ,,A30/A50 incell com aro , $80.00 ,,Poco f5 pro incell, $115.00 ,,,,,,,,,,,,
One vision com aro, $270.00 ,,A30s incell com aro , $75.00 ,,Poco x2 , $115.00 ,,,,,,,,,,,,
One action com aro, $310.00 ,,A30s oled com aro , $185.00 ,,Poco x2 com aro , $160.00 ,,,,,,,,,,,,
One hyper , $80.00 ,,A30s oled com aro (premium), $195.00 ,,Poco X3/ Poco x3 pró/ Poco x3 nfc, $95.00 ,,,,,,,,,,,,
One hyper com aro (Premium), $195.00 ,,A31 incell com aro , $80.00 ,,Poco x3 com aro, $130.00 ,,,,,,,,,,,,
One fusion, $75.00 ,,A31 incell com aro (Premium), $120.00 ,,Poco x3 pro com aro (Premium), $145.00 ,,,,,,,,,,,,
One fusion com aro, $85.00 ,,A31 oled com aro , $195.00 ,,Poco x3 gt  , $90.00 ,,,,,,,,,,,,
One fusion plus , $80.00 ,,A31 oled com aro (Premium), $195.00 ,,Poco x3 gt com aro (Premium), $135.00 ,,,,,,,,,,,,
One fusion plus com aro (Premium), $140.00 ,,A32 4g incell com aro , $90.00 ,,Poco x4 gt , $135.00 ,,,,,,,,,,,,
One zoom oled , $190.00 ,,A32 4g incell com aro (Premium), $115.00 ,,Poco x6 oled com aro, $270.00 ,,,,,,,,,,,,
Edge oled (Premium), $385.00 ,,A32 4g oled com aro, $190.00 ,,Poco x6 pro oled com aro, $310.00 ,,,,,,,,,,,,
Edge oled com aro (Premium), $510.00 ,,A32 4g oled com aro (Premium), $200.00 ,,Poco x7 oled, $260.00 ,,,,,,,,,,,,
Edge 20/ edge 20 plus/edge 20 pró oled , $310.00 ,,A32 5g com aro , $105.00 ,,Poco m4 5g / m5 com aro (Premium), $125.00 ,,,,,,,,,,,,
Edge 20 oled com aro (Premium), $285.00 ,,A33 incell com aro , $150.00 ,,Poco m4 4g, $90.00 ,,,,,,,,,,,,
Edge 20 pro oled com aro (Premium), $410.00 ,,A33 oled com aro, $240.00 ,,Poco m4 pro 5g  , $100.00 ,,,,,,,,,,,,
Edge 20 lite incell, $105.00 ,,A33 oled com aro (Premium), $310.00 ,,Poco m4 pro 5g com aro (Premium), $130.00 ,,,,,,,,,,,,
Edge 20 lite oled , $290.00 ,      ,A34 incell com aro, $115.00 ,,Redmi pad se 11 polegadas, $260.00 ,,,,,,,,,,,,
Edge 30 neo incell, $160.00 ,,A34 incell com aro (Premium), $160.00 ,,,,,,,,,,,,,,,
Edge 30 neo oled, $430.00 ,,A34 oled com aro , $280.00 ,,REALME,,,,,,,,,,,,,
Edge 30 neo oled com aro (Premium), $520.00 ,,A34 oled com aro (Premium), $295.00 ,,C3/C12/C15, $70.00 ,,,,,,,,,,,,
Edge 30 ultra incell, $170.00 ,,A35 oled com aro , $290.00 ,,C3 com aro, $100.00 ,,,,,,,,,,,,
Edge 40 oled, $400.00 ,,A35 oled com aro (Premium), $310.00 ,,C3 com aro (Premium), $115.00 ,,,,,,,,,,,,
Edge 40 oled com aro (Premium), $510.00 ,,A51 oled com aro, $200.00 ,,5, $90.00 ,,,,,,,,,,,,
Edge 50 oled, $400.00 ,,A51 oled com aro (Premium), $230.00 ,,5i, $90.00 ,,,,,,,,,,,,
,,,A51 incell com aro  , $85.00 ,,7 / A52, $100.00 ,,,,,,,,,,,,
LG,,,A51 incell com aro (Premium), $130.00 ,,7i, $75.00 ,,,,,,,,,,,,
K4, $45.00 ,,A52 4g incell com aro (Premium), $150.00 ,,7i com aro (Premium), $115.00 ,,,,,,,,,,,,
K4 2017 com aro, $80.00 ,,A52 4g oled com aro (Premium), $255.00 ,,8i/ 9i, $130.00 ,,,,,,,,,,,,
K8 com aro, $80.00 ,,A52 4g oled com aro, $240.00 ,,C11, $80.00 ,,,,,,,,,,,,
K8 2017 com aro, $90.00 ,,A52s incell com aro (Premium), $150.00 ,,C11 2021, $80.00 ,,,,,,,,,,,,
K8 plus, $80.00 ,,A52s oled com aro (Premium), $330.00 ,,C11 2021 com aro (Premium), $105.00 ,,,,,,,,,,,,
K8 plus com aro, $75.00 ,,A53 incell com aro , $120.00 ,,C15 com aro (Premium), $100.00 ,,,,,,,,,,,,
K9 com aro, $75.00 ,,A53 oled com aro (Premium), $320.00 ,,C20, $105.00 ,,,,,,,,,,,,
K10 tv com aro, $90.00 ,,A54 incell com aro, $145.00 ,,C20 com aro  (premium), $120.00 ,,,,,,,,,,,,
K10 sem tv com aro, $90.00 ,,A54 oled com aro, $240.00 ,,C21y, $80.00 ,,,,,,,,,,,,
K10 2017 com aro, $75.00 ,,A54 oled com aro (Premium), $280.00 ,,C21y com aro (Premium), $110.00 ,,,,,,,,,,,,
K10 power com aro, $85.00 ,,A55 oled com aro (Premium), $300.00 ,,C25, $160.00 ,,,,,,,,,,,,
K11+ com aro, $85.00 ,,A70 incell , $90.00 ,,C25Y, $75.00 ,,,,,,,,,,,,
K12/K12+/k40, $70.00 ,,A70 incell com aro, $100.00 ,,C30, $120.00 ,,,,,,,,,,,,
K12/ K12+/ K40 com aro, $105.00 ,,A70 oled com aro, $165.00 ,,C30 com aro  (premium), $130.00 ,,,,,,,,,,,,
K12 Max/K50/ k12 prime, $70.00 ,,A70 oled com aro (Premium), $290.00 ,,C30s, $90.00 ,,,,,,,,,,,,
K12 max/K50/ k12 prime com aro, $110.00 ,,A71 incell com aro, $105.00 ,,C30s com aro (premium), $115.00 ,,,,,,,,,,,,
K22/K22+, $70.00 ,,A71 incell com aro (Premium), $140.00 ,,C33, $75.00 ,,,,,,,,,,,,
K22/K22+ com aro, $85.00 ,,A71 oled com aro (premium), $290.00 ,,C35, $70.00 ,,,,,,,,,,,,
K40s , $70.00 ,,A72 incell com aro, $140.00 ,,C35 com aro , $90.00 ,,,,,,,,,,,,
K40s com aro, $95.00 ,,A72 oled com aro (Premium), $330.00 ,,C35 com aro (Premium), $115.00 ,,,,,,,,,,,,
K41s, $70.00 ,,A73 oled com aro , $300.00 ,,C51/C53/Note 50, $85.00 ,,,,,,,,,,,,
K41s com aro, $85.00 ,,A73 oled com aro (premium), $330.00 ,,C51 com aro (Premium), $120.00 ,,,,,,,,,,,,
K42/k52/k62, $80.00 ,,A510 oled, $165.00 ,,C53 com aro (Premium), $120.00 ,,,,,,,,,,,,
K42/ K62 com aro, $100.00 ,,A510 incell , $105.00 ,,C55 / C67, $85.00 ,,,,,,,,,,,,
K42/ K62 com aro (Premium), $125.00 ,,A520 oled , $140.00 ,,Note 50, $100.00 ,,,,,,,,,,,,
K50s, $75.00 ,,A520 incell , $100.00 ,,,,,,,,,,,,,,,
K50s com aro, $120.00 ,,A530 incell, $115.00 ,,LENOVO,,,,,,,,,,,,,
K51, $130.00 ,,A530 oled , $220.00 ,,Lenovo C2, $80.00 ,,,,,,,,,,,,
K51s, $85.00 ,,A605 incell , $100.00 ,,Lenovo K5, $80.00 ,,,,,,,,,,,,
K51s com aro, $115.00 ,,A605 oled , $190.00 ,,Lenovo K6, $80.00 ,,,,,,,,,,,,
K51s com aro  (Premium), $140.00 ,,A710 incell , $105.00 ,,,,,,,,,,,,,,,
K52 com aro , $100.00 ,,A710 oled , $145.00 ,,ASUS,,,,,,,,,,,,,
K52 com aro (Premium), $130.00 ,,A720 similar , $100.00 ,,ZA550KL, $100.00 ,,,,,,,,,,,,
K61, $85.00 ,,A720 oled , $160.00 ,,ZA550KL com aro , $120.00 ,,,,,,,,,,,,
K61 com aro, $115.00 ,,A730 (A8 plus) oled, $215.00 ,,ZB501KL , $100.00 ,,,,,,,,,,,,
K61 com aro (premium), $135.00 ,,A730 (A8 plus) incell , $105.00 ,,ZB551KL , $120.00 ,,,,,,,,,,,,
K71, $260.00 ,,A750 incell , $105.00 ,,ZB553KL , $140.00 ,,,,,,,,,,,,
K200, $85.00 ,,A920 oled , $210.00 ,,ZB555KL com aro , $125.00 ,,,,,,,,,,,,
K220, $90.00 ,,A920 oled com aro , $225.00 ,,ZB570KL, $120.00 ,,,,,,,,,,,,
Q7, $160.00 ,,A605 incell , $100.00 ,,ZB570TL , $130.00 ,,,,,,,,,,,,
,,,A605 oled , $200.00 ,,ZB570TL com aro , $150.00 ,,,,,,,,,,,,
,,,T225 , $150.00 ,,ZB601KL / ZB602KL, $100.00 ,,,,,,,,,,,,
,,,T280, $140.00 ,,ZB601KL / ZB602KL com aro , $140.00 ,,,,,,,,,,,,
INFINIX,,,T285, $140.00 ,,ZB500KG , $120.00 ,,,,,,,,,,,,
Hot 10, $100.00 ,,T290 , $160.00 ,,ZB631KL , $110.00 ,,,,,,,,,,,,
Hot 10s, $115.00 ,,T290 com aro, $175.00 ,,ZB634KL , $100.00 ,,,,,,,,,,,,
Hot 11, $90.00 ,,T295, $140.00 ,,ZB634KL com aro , $140.00 ,,,,,,,,,,,,
Hot 11s , $135.00 ,,T295 com aro, $150.00 ,,ZC520TL , $150.00 ,,,,,,,,,,,,
Hot 11 play, $90.00 ,,T385, $220.00 ,,ZC600KL , $135.00 ,,,,,,,,,,,,
Hot 9, $110.00 ,,T515, $335.00 ,,ZC553KL , $130.00 ,,,,,,,,,,,,
Hot 20i, $130.00 ,,S9 , $600.00 ,,ZC554KL , $150.00 ,,,,,,,,,,,,
Note 10 pró, $100.00 ,,S10," $1,050.00 ",,ZC554KL com aro , $190.00 ,,,,,,,,,,,,
Note 8i, $125.00 ,,S10 plus (linha premium wefix)," $1,240.00 ",,ZC520KL , $130.00 ,,,,,,,,,,,,
,,,S10E, $570.00 ,,ZD551KL , $130.00 ,,,,,,,,,,,,
,,,S20 oled com aro," $1,380.00 ",,ZD552KL , $180.00 ,,,,,,,,,,,,
,,,S20 FE oled com aro (premium vivid), $265.00 ,,ZD553KL , $140.00 ,,,,,,,,,,,,
,,,S20 plus  ," $1,200.00 ",,ZE552KL , $140.00 ,,,,,,,,,,,,
,,,S21 (premium vivid)," $1,050.00 ",,ZE553KL , Q ,,,,,,,,,,,,
,,,S21FE oled com aro," $1,000.00 ",,ZE554KL com aro , $190.00 ,,,,,,,,,,,,
,,,,,,ZE620KL , $180.00 ,,,,,,,,,,,,
,,,,,,ZE630KL , $220.00 ,,,,,,,,,,,,
,,,,,,,,,,,,,,,,,,,
,,,,,,ALCATEL,,,,,,,,,,,,,
,,,,,,Alcatel 5051, $120.00 ,,,,,,,,,,,,
,,,,,,Alcatel 9008J, $120.00 ,,,,,,,,,,,,
,,,,,,,,,,,,,,,,,,,
,,,,,,,,,,,,,,,,,,,
,,,,,,,,,,,,,,,,,,,
,,,,,,,,,,,,,,,,,,,
,,,,,,,,,,,,,,,,,,,
,,,,,,,,,,,,,,,,,,,
,,,,,,,,,,,,,,,,,,,
,,,,,,,,,,,,,,,,,,,
,,,,,,,,,,,,,,,,,,,
,,,,,,,,,,,,,,,,,,,
,,,,,,,,,,,,,,,,,,,
,,,,,,,,,,,,,,,,,,,
,,,,,,,,,,,,,,,,,,,
,,,,,,,,,,,,,,,,,,,
,,,,,,,,,,,,,,,,,,,
,,,,,,,,,,,,,,,,,,,
,,,,,,,,,,,,,,,,,,,
,,,,,,,,,,,,,,,,,,,
,,,,,,,,,,,,,,,,,,,
,,,,,,,,,,,,,,,,,,,
,,,,,,,,,,,,,,,,,,,
,,,,,,,,,,,,,,,,,,,
,,,,,,,,,,,,,,,,,,,
,,,,,,,,,,,,,,,,,,,
,,,,,,,,,,,,,,,,,,,
,,,,,,,,,,,,,,,,,,,
,,,,,,,,,,,,,,,,,,,
,,,,,,,,,,,,,,,,,,,
,,,,,,,,,,,,,,,,,,,
,,,,,,,,,,,,,,,,,,,
,,,,,,,,,,,,,,,,,,,
,,,,,,,,,,,,,,,,,,,
,,,,,,,,,,,,,,,,,,,
,,,,,,,,,,,,,,,,,,,
,,,,,,,,,,,,,,,,,,,
,,,,,,,,,,,,,,,,,,,
,,,,,,,,,,,,,,,,,,,
,,,,,,,,,,,,,,,,,,,
,,,,,,,,,,,,,,,,,,,
,,,,,,,,,,,,,,,,,,,
,,,,,,,,,,,,,,,,,,,
,,,,,,,,,,,,,,,,,,,
,,,,,,,,,,,,,,,,,,,
,,,,,,,,,,,,,,,,,,,
,,,,,,,,,,,,,,,,,,,
,,,,,,,,,,,,,,,,,,,
,,,,,,,,,,,,,,,,,,,
,,,,,,,,,,,,,,,,,,,
,,,,,,,,,,,,,,,,,,,
,,,,,,,,,,,,,,,,,,,
,,,,,,,,,,,,,,,,,,,
,,,,,,,,,,,,,,,,,,,
,,,,,,,,,,,,,,,,,,,
,,,,,,,,,,,,,,,,,,,
,,,,,,,,,,,,,,,,,,,
,,,,,,,,,,,,,,,,,,,
,,,,,,,,,,,,,,,,,,,
,,,,,,,,,,,,,,,,,,,
,,,,,,,,,,,,,,,,,,,
,,,,,,,,,,,,,,,,,,,
,,,,,,,,,,,,,,,,,,,
,,,,,,,,,,,,,,,,,,,
,,,,,,,,,,,,,,,,,,,
,,,,,,,,,,,,,,,,,,,
,,,,,,,,,,,,,,,,,,,
,,,,,,,,,,,,,,,,,,,
,,,,,,,,,,,,,,,,,,,
,,,,,,,,,,,,,,,,,,,
,,,,,,,,,,,,,,,,,,,
,,,,,,,,,,,,,,,,,,,
,,,,,,,,,,,,,,,,,,,
,,,,,,,,,,,,,,,,,,,
,,,,,,,,,,,,,,,,,,,
,,,,,,,,,,,,,,,,,,,
,,,,,,,,,,,,,,,,,,,
,,,,,,,,,,,,,,,,,,,
,,,,,,,,,,,,,,,,,,,
,,,,,,,,,,,,,,,,,,,
,,,,,,,,,,,,,,,,,,,
,,,,,,,,,,,,,,,,,,,
,,,,,,,,,,,,,,,,,,,
,,,,,,,,,,,,,,,,,,,
,,,,,,,,,,,,,,,,,,,
,,,,,,,,,,,,,,,,,,,
,,,,,,,,,,,,,,,,,,,
,,,,,,,,,,,,,,,,,,,
,,,,,,,,,,,,,,,,,,,
,,,,,,,,,,,,,,,,,,,
,,,,,,,,,,,,,,,,,,,
,,,,,,,,,,,,,,,,,,,
,,,,,,,,,,,,,,,,,,,
,,,,,,,,,,,,,,,,,,,
,,,,,,,,,,,,,,,,,,,
,,,,,,,,,,,,,,,,,,,
,,,,,,,,,,,,,,,,,,,
,,,,,,,,,,,,,,,,,,,
,,,,,,,,,,,,,,,,,,,
,,,,,,,,,,,,,,,,,,,
,,,,,,,,,,,,,,,,,,,
,,,,,,,,,,,,,,,,,,,
,,,,,,,,,,,,,,,,,,,
,,,,,,,,,,,,,,,,,,,
,,,,,,,,,,,,,,,,,,,
,,,,,,,,,,,,,,,,,,,
,,,,,,,,,,,,,,,,,,,
,,,,,,,,,,,,,,,,,,,
,,,,,,,,,,,,,,,,,,,
,,,,,,,,,,,,,,,,,,,
,,,,,,,,,,,,,,,,,,,
,,,,,,,,,,,,,,,,,,,
,,,,,,,,,,,,,,,,,,,
,,,,,,,,,,,,,,,,,,,
,,,,,,,,,,,,,,,,,,,
,,,,,,,,,,,,,,,,,,,
,,,,,,,,,,,,,,,,,,,
,,,,,,,,,,,,,,,,,,,
,,,,,,,,,,,,,,,,,,,
,,,,,,,,,,,,,,,,,,,
,,,,,,,,,,,,,,,,,,,
,,,,,,,,,,,,,,,,,,,
,,,,,,,,,,,,,,,,,,,
,,,,,,,,,,,,,,,,,,,
,,,,,,,,,,,,,,,,,,,
,,,,,,,,,,,,,,,,,,,
,,,,,,,,,,,,,,,,,,,
,,,,,,,,,,,,,,,,,,,
,,,,,,,,,,,,,,,,,,,
,,,,,,,,,,,,,,,,,,,
,,,,,,,,,,,,,,,,,,,
,,,,,,,,,,,,,,,,,,,
,,,,,,,,,,,,,,,,,,,
,,,,,,,,,,,,,,,,,,,
,,,,,,,,,,,,,,,,,,,
,,,,,,,,,,,,,,,,,,,
,,,,,,,,,,,,,,,,,,,
,,,,,,,,,,,,,,,,,,,
,,,,,,,,,,,,,,,,,,,
,,,,,,,,,,,,,,,,,,,
,,,,,,,,,,,,,,,,,,,
,,,,,,,,,,,,,,,,,,,
,,,,,,,,,,,,,,,,,,,
,,,,,,,,,,,,,,,,,,,
,,,,,,,,,,,,,,,,,,,
,,,,,,,,,,,,,,,,,,,
,,,,,,,,,,,,,,,,,,,
,,,,,,,,,,,,,,,,,,,
,,,,,,,,,,,,,,,,,,,
,,,,,,,,,,,,,,,,,,,
,,,,,,,,,,,,,,,,,,,
,,,,,,,,,,,,,,,,,,,
,,,,,,,,,,,,,,,,,,,
,,,,,,,,,,,,,,,,,,,
,,,,,,,,,,,,,,,,,,,
,,,,,,,,,,,,,,,,,,,
,,,,,,,,,,,,,,,,,,,
,,,,,,,,,,,,,,,,,,,
,,,,,,,,,,,,,,,,,,,
,,,,,,,,,,,,,,,,,,,
,,,,,,,,,,,,,,,,,,,
,,,,,,,,,,,,,,,,,,,
,,,,,,,,,,,,,,,,,,,
,,,,,,,,,,,,,,,,,,,
,,,,,,,,,,,,,,,,,,,
,,,,,,,,,,,,,,,,,,,
,,,,,,,,,,,,,,,,,,,
,,,,,,,,,,,,,,,,,,,
,,,,,,,,,,,,,,,,,,,
,,,,,,,,,,,,,,,,,,,
,,,,,,,,,,,,,,,,,,,
,,,,,,,,,,,,,,,,,,,
,,,,,,,,,,,,,,,,,,,
,,,,,,,,,,,,,,,,,,,
,,,,,,,,,,,,,,,,,,,
,,,,,,,,,,,,,,,,,,,
,,,,,,,,,,,,,,,,,,,
,,,,,,,,,,,,,,,,,,,
,,,,,,,,,,,,,,,,,,,
,,,,,,,,,,,,,,,,,,,
,,,,,,,,,,,,,,,,,,,
,,,,,,,,,,,,,,,,,,,
,,,,,,,,,,,,,,,,,,,
,,,,,,,,,,,,,,,,,,,
,,,,,,,,,,,,,,,,,,,
,,,,,,,,,,,,,,,,,,,
,,,,,,,,,,,,,,,,,,,
,,,,,,,,,,,,,,,,,,,
,,,,,,,,,,,,,,,,,,,
,,,,,,,,,,,,,,,,,,,
,,,,,,,,,,,,,,,,,,,
,,,,,,,,,,,,,,,,,,,
,,,,,,,,,,,,,,,,,,,
,,,,,,,,,,,,,,,,,,,
,,,,,,,,,,,,,,,,,,,
,,,,,,,,,,,,,,,,,,,
,,,,,,,,,,,,,,,,,,,
,,,,,,,,,,,,,,,,,,,
,,,,,,,,,,,,,,,,,,,
,,,,,,,,,,,,,,,,,,,
,,,,,,,,,,,,,,,,,,,
,,,,,,,,,,,,,,,,,,,
,,,,,,,,,,,,,,,,,,,
,,,,,,,,,,,,,,,,,,,
,,,,,,,,,,,,,,,,,,,
,,,,,,,,,,,,,,,,,,,
,,,,,,,,,,,,,,,,,,,
,,,,,,,,,,,,,,,,,,,
,,,,,,,,,,,,,,,,,,,
,,,,,,,,,,,,,,,,,,,
,,,,,,,,,,,,,,,,,,,
,,,,,,,,,,,,,,,,,,,
,,,,,,,,,,,,,,,,,,,
,,,,,,,,,,,,,,,,,,,
,,,,,,,,,,,,,,,,,,,
,,,,,,,,,,,,,,,,,,,
,,,,,,,,,,,,,,,,,,,
,,,,,,,,,,,,,,,,,,,
,,,,,,,,,,,,,,,,,,,
,,,,,,,,,,,,,,,,,,,
,,,,,,,,,,,,,,,,,,,
,,,,,,,,,,,,,,,,,,,
,,,,,,,,,,,,,,,,,,,
,,,,,,,,,,,,,,,,,,,
,,,,,,,,,,,,,,,,,,,
,,,,,,,,,,,,,,,,,,,
,,,,,,,,,,,,,,,,,,,
,,,,,,,,,,,,,,,,,,,
,,,,,,,,,,,,,,,,,,,
,,,,,,,,,,,,,,,,,,,
,,,,,,,,,,,,,,,,,,,
,,,,,,,,,,,,,,,,,,,
,,,,,,,,,,,,,,,,,,,
,,,,,,,,,,,,,,,,,,,
,,,,,,,,,,,,,,,,,,,
,,,,,,,,,,,,,,,,,,,
,,,,,,,,,,,,,,,,,,,
,,,,,,,,,,,,,,,,,,,
,,,,,,,,,,,,,,,,,,,
,,,,,,,,,,,,,,,,,,,
,,,,,,,,,,,,,,,,,,,
,,,,,,,,,,,,,,,,,,,
,,,,,,,,,,,,,,,,,,,
,,,,,,,,,,,,,,,,,,,
,,,,,,,,,,,,,,,,,,,
,,,,,,,,,,,,,,,,,,,
,,,,,,,,,,,,,,,,,,,
,,,,,,,,,,,,,,,,,,,
,,,,,,,,,,,,,,,,,,,
,,,,,,,,,,,,,,,,,,,
,,,,,,,,,,,,,,,,,,,
,,,,,,,,,,,,,,,,,,,
,,,,,,,,,,,,,,,,,,,
,,,,,,,,,,,,,,,,,,,
,,,,,,,,,,,,,,,,,,,
,,,,,,,,,,,,,,,,,,,
,,,,,,,,,,,,,,,,,,,
,,,,,,,,,,,,,,,,,,,
,,,,,,,,,,,,,,,,,,,
,,,,,,,,,,,,,,,,,,,
,,,,,,,,,,,,,,,,,,,
,,,,,,,,,,,,,,,,,,,
,,,,,,,,,,,,,,,,,,,
,,,,,,,,,,,,,,,,,,,
,,,,,,,,,,,,,,,,,,,
,,,,,,,,,,,,,,,,,,,
,,,,,,,,,,,,,,,,,,,
,,,,,,,,,,,,,,,,,,,
,,,,,,,,,,,,,,,,,,,
,,,,,,,,,,,,,,,,,,,
,,,,,,,,,,,,,,,,,,,
,,,,,,,,,,,,,,,,,,,
,,,,,,,,,,,,,,,,,,,
,,,,,,,,,,,,,,,,,,,
,,,,,,,,,,,,,,,,,,,
,,,,,,,,,,,,,,,,,,,
,,,,,,,,,,,,,,,,,,,
,,,,,,,,,,,,,,,,,,,
,,,,,,,,,,,,,,,,,,,
,,,,,,,,,,,,,,,,,,,
,,,,,,,,,,,,,,,,,,,
,,,,,,,,,,,,,,,,,,,
,,,,,,,,,,,,,,,,,,,
,,,,,,,,,,,,,,,,,,,
,,,,,,,,,,,,,,,,,,,
,,,,,,,,,,,,,,,,,,,
,,,,,,,,,,,,,,,,,,,
,,,,,,,,,,,,,,,,,,,
,,,,,,,,,,,,,,,,,,,
,,,,,,,,,,,,,,,,,,,
,,,,,,,,,,,,,,,,,,,
,,,,,,,,,,,,,,,,,,,
,,,,,,,,,,,,,,,,,,,
,,,,,,,,,,,,,,,,,,,
,,,,,,,,,,,,,,,,,,,
,,,,,,,,,,,,,,,,,,,
,,,,,,,,,,,,,,,,,,,
,,,,,,,,,,,,,,,,,,,
,,,,,,,,,,,,,,,,,,,
,,,,,,,,,,,,,,,,,,,
,,,,,,,,,,,,,,,,,,,
,,,,,,,,,,,,,,,,,,,
,,,,,,,,,,,,,,,,,,,
,,,,,,,,,,,,,,,,,,,
,,,,,,,,,,,,,,,,,,,
,,,,,,,,,,,,,,,,,,,
,,,,,,,,,,,,,,,,,,,
,,,,,,,,,,,,,,,,,,,
,,,,,,,,,,,,,,,,,,,
,,,,,,,,,,,,,,,,,,,
,,,,,,,,,,,,,,,,,,,
,,,,,,,,,,,,,,,,,,,
,,,,,,,,,,,,,,,,,,,
,,,,,,,,,,,,,,,,,,,
,,,,,,,,,,,,,,,,,,,
,,,,,,,,,,,,,,,,,,,
,,,,,,,,,,,,,,,,,,,
,,,,,,,,,,,,,,,,,,,
,,,,,,,,,,,,,,,,,,,
,,,,,,,,,,,,,,,,,,,
,,,,,,,,,,,,,,,,,,,
,,,,,,,,,,,,,,,,,,,
,,,,,,,,,,,,,,,,,,,
,,,,,,,,,,,,,,,,,,,
,,,,,,,,,,,,,,,,,,,
,,,,,,,,,,,,,,,,,,,
,,,,,,,,,,,,,,,,,,,
,,,,,,,,,,,,,,,,,,,
,,,,,,,,,,,,,,,,,,,
,,,,,,,,,,,,,,,,,,,
,,,,,,,,,,,,,,,,,,,
,,,,,,,,,,,,,,,,,,,
,,,,,,,,,,,,,,,,,,,
,,,,,,,,,,,,,,,,,,,
,,,,,,,,,,,,,,,,,,,
,,,,,,,,,,,,,,,,,,,
,,,,,,,,,,,,,,,,,,,
,,,,,,,,,,,,,,,,,,,
,,,,,,,,,,,,,,,,,,,
,,,,,,,,,,,,,,,,,,,
,,,,,,,,,,,,,,,,,,,
,,,,,,,,,,,,,,,,,,,
,,,,,,,,,,,,,,,,,,,
,,,,,,,,,,,,,,,,,,,
,,,,,,,,,,,,,,,,,,,
,,,,,,,,,,,,,,,,,,,
,,,,,,,,,,,,,,,,,,,
,,,,,,,,,,,,,,,,,,,
,,,,,,,,,,,,,,,,,,,
,,,,,,,,,,,,,,,,,,,
,,,,,,,,,,,,,,,,,,,
,,,,,,,,,,,,,,,,,,,
,,,,,,,,,,,,,,,,,,,
,,,,,,,,,,,,,,,,,,,
,,,,,,,,,,,,,,,,,,,
,,,,,,,,,,,,,,,,,,,
,,,,,,,,,,,,,,,,,,,
,,,,,,,,,,,,,,,,,,,
,,,,,,,,,,,,,,,,,,,
,,,,,,,,,,,,,,,,,,,
,,,,,,,,,,,,,,,,,,,
,,,,,,,,,,,,,,,,,,,
,,,,,,,,,,,,,,,,,,,
,,,,,,,,,,,,,,,,,,,
,,,,,,,,,,,,,,,,,,,
,,,,,,,,,,,,,,,,,,,
,,,,,,,,,,,,,,,,,,,
,,,,,,,,,,,,,,,,,,,
,,,,,,,,,,,,,,,,,,,
,,,,,,,,,,,,,,,,,,,
,,,,,,,,,,,,,,,,,,,
,,,,,,,,,,,,,,,,,,,
,,,,,,,,,,,,,,,,,,,
,,,,,,,,,,,,,,,,,,,
,,,,,,,,,,,,,,,,,,,
,,,,,,,,,,,,,,,,,,,
,,,,,,,,,,,,,,,,,,,
,,,,,,,,,,,,,,,,,,,
,,,,,,,,,,,,,,,,,,,
,,,,,,,,,,,,,,,,,,,
,,,,,,,,,,,,,,,,,,,
,,,,,,,,,,,,,,,,,,,
,,,,,,,,,,,,,,,,,,,
,,,,,,,,,,,,,,,,,,,
,,,,,,,,,,,,,,,,,,,
,,,,,,,,,,,,,,,,,,,
,,,,,,,,,,,,,,,,,,,
,,,,,,,,,,,,,,,,,,,
,,,,,,,,,,,,,,,,,,,
,,,,,,,,,,,,,,,,,,,
,,,,,,,,,,,,,,,,,,,
,,,,,,,,,,,,,,,,,,,
,,,,,,,,,,,,,,,,,,,
,,,,,,,,,,,,,,,,,,,
,,,,,,,,,,,,,,,,,,,
,,,,,,,,,,,,,,,,,,,
,,,,,,,,,,,,,,,,,,,
,,,,,,,,,,,,,,,,,,,
,,,,,,,,,,,,,,,,,,,
,,,,,,,,,,,,,,,,,,,
,,,,,,,,,,,,,,,,,,,
,,,,,,,,,,,,,,,,,,,
,,,,,,,,,,,,,,,,,,,
,,,,,,,,,,,,,,,,,,,
,,,,,,,,,,,,,,,,,,,
,,,,,,,,,,,,,,,,,,,
,,,,,,,,,,,,,,,,,,,
,,,,,,,,,,,,,,,,,,,
,,,,,,,,,,,,,,,,,,,
,,,,,,,,,,,,,,,,,,,
,,,,,,,,,,,,,,,,,,,
,,,,,,,,,,,,,,,,,,,
,,,,,,,,,,,,,,,,,,,
,,,,,,,,,,,,,,,,,,,
,,,,,,,,,,,,,,,,,,,
,,,,,,,,,,,,,,,,,,,
,,,,,,,,,,,,,,,,,,,
,,,,,,,,,,,,,,,,,,,
,,,,,,,,,,,,,,,,,,,
,,,,,,,,,,,,,,,,,,,
,,,,,,,,,,,,,,,,,,,
,,,,,,,,,,,,,,,,,,,
,,,,,,,,,,,,,,,,,,,
,,,,,,,,,,,,,,,,,,,
,,,,,,,,,,,,,,,,,,,
,,,,,,,,,,,,,,,,,,,
,,,,,,,,,,,,,,,,,,,
,,,,,,,,,,,,,,,,,,,
,,,,,,,,,,,,,,,,,,,
,,,,,,,,,,,,,,,,,,,
,,,,,,,,,,,,,,,,,,,
,,,,,,,,,,,,,,,,,,,
,,,,,,,,,,,,,,,,,,,
,,,,,,,,,,,,,,,,,,,
,,,,,,,,,,,,,,,,,,,
,,,,,,,,,,,,,,,,,,,
,,,,,,,,,,,,,,,,,,,
,,,,,,,,,,,,,,,,,,,
,,,,,,,,,,,,,,,,,,,
,,,,,,,,,,,,,,,,,,,
,,,,,,,,,,,,,,,,,,,
,,,,,,,,,,,,,,,,,,,
,,,,,,,,,,,,,,,,,,,
,,,,,,,,,,,,,,,,,,,
,,,,,,,,,,,,,,,,,,,
,,,,,,,,,,,,,,,,,,,
,,,,,,,,,,,,,,,,,,,
,,,,,,,,,,,,,,,,,,,
,,,,,,,,,,,,,,,,,,,
,,,,,,,,,,,,,,,,,,,
,,,,,,,,,,,,,,,,,,,
,,,,,,,,,,,,,,,,,,,
,,,,,,,,,,,,,,,,,,,
,,,,,,,,,,,,,,,,,,,
,,,,,,,,,,,,,,,,,,,
,,,,,,,,,,,,,,,,,,,
,,,,,,,,,,,,,,,,,,,
,,,,,,,,,,,,,,,,,,,
,,,,,,,,,,,,,,,,,,,
,,,,,,,,,,,,,,,,,,,
,,,,,,,,,,,,,,,,,,,
,,,,,,,,,,,,,,,,,,,
,,,,,,,,,,,,,,,,,,,
,,,,,,,,,,,,,,,,,,,
,,,,,,,,,,,,,,,,,,,
,,,,,,,,,,,,,,,,,,,
,,,,,,,,,,,,,,,,,,,
,,,,,,,,,,,,,,,,,,,
,,,,,,,,,,,,,,,,,,,
,,,,,,,,,,,,,,,,,,,
,,,,,,,,,,,,,,,,,,,
,,,,,,,,,,,,,,,,,,,
,,,,,,,,,,,,,,,,,,,
,,,,,,,,,,,,,,,,,,,
,,,,,,,,,,,,,,,,,,,
,,,,,,,,,,,,,,,,,,,
,,,,,,,,,,,,,,,,,,,
,,,,,,,,,,,,,,,,,,,
,,,,,,,,,,,,,,,,,,,
,,,,,,,,,,,,,,,,,,,
,,,,,,,,,,,,,,,,,,,
,,,,,,,,,,,,,,,,,,,
,,,,,,,,,,,,,,,,,,,
,,,,,,,,,,,,,,,,,,,
,,,,,,,,,,,,,,,,,,,
,,,,,,,,,,,,,,,,,,,
,,,,,,,,,,,,,,,,,,,
,,,,,,,,,,,,,,,,,,,
,,,,,,,,,,,,,,,,,,,
,,,,,,,,,,,,,,,,,,,
,,,,,,,,,,,,,,,,,,,
,,,,,,,,,,,,,,,,,,,
,,,,,,,,,,,,,,,,,,,
,,,,,,,,,,,,,,,,,,,
,,,,,,,,,,,,,,,,,,,
,,,,,,,,,,,,,,,,,,,
,,,,,,,,,,,,,,,,,,,
,,,,,,,,,,,,,,,,,,,
,,,,,,,,,,,,,,,,,,,
,,,,,,,,,,,,,,,,,,,
,,,,,,,,,,,,,,,,,,,
,,,,,,,,,,,,,,,,,,,
,,,,,,,,,,,,,,,,,,,
,,,,,,,,,,,,,,,,,,,
,,,,,,,,,,,,,,,,,,,
,,,,,,,,,,,,,,,,,,,
,,,,,,,,,,,,,,,,,,,
,,,,,,,,,,,,,,,,,,,
,,,,,,,,,,,,,,,,,,,
,,,,,,,,,,,,,,,,,,,
,,,,,,,,,,,,,,,,,,,
,,,,,,,,,,,,,,,,,,,
,,,,,,,,,,,,,,,,,,,
,,,,,,,,,,,,,,,,,,,
,,,,,,,,,,,,,,,,,,,
,,,,,,,,,,,,,,,,,,,
,,,,,,,,,,,,,,,,,,,
,,,,,,,,,,,,,,,,,,,
,,,,,,,,,,,,,,,,,,,
,,,,,,,,,,,,,,,,,,,
,,,,,,,,,,,,,,,,,,,
,,,,,,,,,,,,,,,,,,,
,,,,,,,,,,,,,,,,,,,
,,,,,,,,,,,,,,,,,,,
,,,,,,,,,,,,,,,,,,,
,,,,,,,,,,,,,,,,,,,
,,,,,,,,,,,,,,,,,,,
,,,,,,,,,,,,,,,,,,,
,,,,,,,,,,,,,,,,,,,
,,,,,,,,,,,,,,,,,,,
,,,,,,,,,,,,,,,,,,,
,,,,,,,,,,,,,,,,,,,
,,,,,,,,,,,,,,,,,,,
,,,,,,,,,,,,,,,,,,,
,,,,,,,,,,,,,,,,,,,
,,,,,,,,,,,,,,,,,,,
,,,,,,,,,,,,,,,,,,,
,,,,,,,,,,,,,,,,,,,
,,,,,,,,,,,,,,,,,,,
,,,,,,,,,,,,,,,,,,,
,,,,,,,,,,,,,,,,,,,
,,,,,,,,,,,,,,,,,,,
,,,,,,,,,,,,,,,,,,,
,,,,,,,,,,,,,,,,,,,
,,,,,,,,,,,,,,,,,,,
,,,,,,,,,,,,,,,,,,,
,,,,,,,,,,,,,,,,,,,
,,,,,,,,,,,,,,,,,,,
,,,,,,,,,,,,,,,,,,,
,,,,,,,,,,,,,,,,,,,
,,,,,,,,,,,,,,,,,,,
,,,,,,,,,,,,,,,,,,,
,,,,,,,,,,,,,,,,,,,
,,,,,,,,,,,,,,,,,,,
,,,,,,,,,,,,,,,,,,,
,,,,,,,,,,,,,,,,,,,
,,,,,,,,,,,,,,,,,,,
,,,,,,,,,,,,,,,,,,,
,,,,,,,,,,,,,,,,,,,
,,,,,,,,,,,,,,,,,,,
,,,,,,,,,,,,,,,,,,,
,,,,,,,,,,,,,,,,,,,
,,,,,,,,,,,,,,,,,,,
,,,,,,,,,,,,,,,,,,,
,,,,,,,,,,,,,,,,,,,
,,,,,,,,,,,,,,,,,,,
,,,,,,,,,,,,,,,,,,,
,,,,,,,,,,,,,,,,,,,
,,,,,,,,,,,,,,,,,,,
,,,,,,,,,,,,,,,,,,,
K9 com aro, $75.00 ,,A54 incell com aro , $145.00 ,,C20 com aro (premium), $120.00 ,,,,,,,,,,,,
K10 tv, $50.00 ,,A54 oled com aro , $270.00 ,,C21y, $80.00 ,,,,,,,,,,,,
K10 sem tv, $50.00 ,,A54 oled com aro (premium), $280.00 ,,C21y com aro (premium), $110.00 ,,,,,,,,,,,,
k10 power com aro, $85.00 ,,A55 incell com aro, $150.00 ,,C25, $160.00 ,,,,,,,,,,,,
k11+ com aro, $75.00 ,,A55 oled com aro (premium), $300.00 ,,C25y , $75.00 ,,,,,,,,,,,,
k12/ k12+/ k40 , $70.00 ,,A70 incell com aro , $100.00 ,,C30, $80.00 ,,,,,,,,,,,,
K12 / K12+ / K40 com aro, $95.00 ,,A70 oled com aro (premium), $290.00 ,,C30s, $90.00 ,,,,,,,,,,,,
k22/ k22+, $70.00 ,,A71 incell com aro , $90.00 ,,C30s com aro (premium), $115.00 ,,,,,,,,,,,,
k22/ k22+ com aro, $85.00 ,,A71 oled com aro (premium), $270.00 ,,C33, $80.00 ,,,,,,,,,,,,
K40s, $80.00 ,,A72 incell com aro, $150.00 ,,C35 , $85.00 ,,,,,,,,,,,,
K40s com aro, $95.00 ,,A72 oled com aro (premium) , $280.00 ,,C35 com aro   , $90.00 ,,,,,,,,,,,,
K41s, $70.00 ,,A73 incell com aro (Premium), $150.00 ,,C35 com aro (premium), $115.00 ,,,,,,,,,,,,
K41s com aro, $90.00 ,,A73 oled com aro (premium), $330.00 ,,C51/C53/Note 50, $85.00 ,,,,,,,,,,,,
K42/k52//k62, $75.00 ,,A510 incell, $110.00 ,,C51 / note 50 com aro (premium), $105.00 ,,,,,,,,,,,,
k42/k62 com aro, $100.00 ,,A510 oled, $140.00 ,,C53 com aro (premium), $90.00 ,,,,,,,,,,,,
K50s, $85.00 ,,A520 oled, $150.00 ,,C55/C67, $85.00 ,,,,,,,,,,,,
K50s com aro, $115.00 ,,A530 incell, $130.00 ,,C61 / C63 / Note 60, $80.00 ,,,,,,,,,,,,
K51, $130.00 ,,A530 oled, $220.00 ,,C61 com aro, $100.00 ,,,,,,,,,,,,
K51s, $85.00 ,,A605 incell, $100.00 ,,C61 com aro (Premium), $120.00 ,,,,,,,,,,,,
K51s com aro, $100.00 ,,A605 oled, $200.00 ,,C67 com aro, $115.00 ,,,,,,,,,,,,
K51s com aro (premium), $140.00 ,,A710 incell, $105.00 ,,,,,,,,,,,,,,,
K52 com aro, $100.00 ,,A710 oled, $145.00 ,,LENOVO,,,,,,,,,,,,,
K61, $85.00 ,,A720 similar, $80.00 ,,Lenovo C2, $80.00 ,,,,,,,,,,,,
K61 com aro , $100.00 ,,A720 oled , $150.00 ,,Lenovo K5, $80.00 ,,,,,,,,,,,,
K61 com aro (Premium), $135.00 ,,A730 incell, $100.00 ,,Lenovo K6, $80.00 ,,,,,,,,,,,,
K200, $85.00 ,,A730 oled, $195.00 ,,,,,,,,,,,,,,,
Q7, $160.00 ,,A750 incell, $105.00 ,,ASUS,,,,,,,,,,,,,
,,,A750 oled , $195.00 ,,ZA550KL, $90.00 ,,,,,,,,,,,,
INFINIX,,,A750 oled com aro, $210.00 ,,ZA550KL COM ARO, $100.00 ,,,,,,,,,,,,
Hot 9, $110.00 ,,A920 oled com aro , $210.00 ,,ZB501KL, $80.00 ,,,,,,,,,,,,
Hot 9 play (X680 / X680B), $110.00 ,,T220, $150.00 ,,ZB551KL, $80.00 ,,,,,,,,,,,,
Hot 10, $100.00 ,,T225, $160.00 ,,ZB553KL, $110.00 ,,,,,,,,,,,,
Hot 11 / Hot 10s / Hot 10T (X689F), $90.00 ,,T285, $135.00 ,,ZB555KL com aro, $100.00 ,,,,,,,,,,,,
Hot 11 (X689F), $90.00 ,,T290   , $150.00 ,,ZB570KL, $80.00 ,,,,,,,,,,,,
Hot 11s, $95.00 ,,T290 com aro , $175.00 ,,ZB570TL  , $80.00 ,,,,,,,,,,,,
Hot 11s com aro, $150.00 ,,T295, $135.00 ,,ZB570TL com aro, $100.00 ,,,,,,,,,,,,
Hot 10 play / Hot 11 play, $80.00 ,,T295 com aro , $175.00 ,,ZB601KL/ZB602KL, $85.00 ,,,,,,,,,,,,
Hot 12  (X6817) / Hot 12 play (X6818) / Hot 20 play , $95.00 ,,T385, $220.00 ,,ZB601/ ZB602kl com aro, $110.00 ,,,,,,,,,,,,
Hot 20 5g, $100.00 ,,T500 / T505, $300.00 ,,ZB631Kl, $100.00 ,,,,,,,,,,,,
Hot 20i, $90.00 ,,T510/ T515, $270.00 ,,ZB634KL, $85.00 ,,,,,,,,,,,,
Hot 30i, $100.00 ,,T580, $270.00 ,,ZB634KL com aro, $125.00 ,,,,,,,,,,,,
Hot 40i, $85.00 ,,P610/ P615, $345.00 ,,ZC520TL , $100.00 ,,,,,,,,,,,,
Hot 50i, $100.00 ,,X115, $210.00 ,,ZC600KL, $100.00 ,,,,,,,,,,,,
Note 8i , $120.00 ,,X200/X205, $300.00 ,,ZC553KL, $100.00 ,,,,,,,,,,,,
Note 10 pró (X695), $120.00 ,,X210/ x215, $255.00 ,,ZC554KL, $110.00 ,,,,,,,,,,,,
Note 11 / Note 12/ Note 12 pro incell (X676B), $110.00 ,,S10 (Premium)," $1,100.00 ",,ZC554KL com aro, $160.00 ,,,,,,,,,,,,
Note 11/ note 12/ note 12 pro oled (X676B), $210.00 ,,S10E (Premium), $610.00 ,,ZC520KL, $100.00 ,,,,,,,,,,,,
Note 11 pro (X697), $120.00 ,,S10 plus (Premium)," $1,350.00 ",,ZD551KL, $90.00 ,,,,,,,,,,,,
Note 30 5g, $120.00 ,,S20 (Premium)," $1,075.00 ",,ZD552KL, $140.00 ,,,,,,,,,,,,
Note 40 5g, $140.00 ,,S20 FE incell com aro (Premium), $165.00 ,,ZD553KL, $120.00 ,,,,,,,,,,,,
Smart 6, $80.00 ,,S20 FE oled com aro (Premium), $250.00 ,,ZE552KL, $110.00 ,,,,,,,,,,,,
Smart 7, $75.00 ,,S20 ultra (Premium)," $1,450.00 ",,ZE553KL, $150.00 ,,,,,,,,,,,,
Smart 8 pro, $95.00 ,,S20 plus (Premium)," $1,245.00 ",,ZE554KL com aro, $170.00 ,,,,,,,,,,,,
Smart 9, $90.00 ,,S21 (Premium)," $1,180.00 ",,ZE620KL/ ZS620KL, $130.00 ,,,,,,,,,,,,
,,,S21 FE (Original)," $1,060.00 ",,ZE630KL, $190.00 ,,,,,,,,,,,,
NOKIA,,,S21 fe oled com aro (Premium), $420.00 ,,ZE630KL com aro , $210.00 ,,,,,,,,,,,,
Nokia 1.3, $90.00 ,,S21 plus (Premium)," $1,210.00 ",,,,,,,,,,,,,,,
Nokia 1.4, $75.00 ,,S21 ultra (Premium)," $1,310.00 ",,,,,,,,,,,,,,,
Nokia 2.2, $75.00 ,,S22 (Premium)," $1,285.00 ",,,,,,,,,,,,,,,
Nokia 2.3, $75.00 ,,S22 plus (Premium)," $1,475.00 ",,,,,,,,,,,,,,,
Nokia 2.4, $75.00 ,,S22 ultra (Premium)," $1,990.00 ",,,,,,,,,,,,,,,
Nokia 4.2, $75.00 ,,S23 (Premium)," $1,200.00 ",,,,,,,,,,,,,,,
Nokia 5.3, $80.00 ,,S23 plus (Premium)," $1,330.00 ",,,,,,,,,,,,,,,
Nokia 5.4, $90.00 ,,S23 ultra (premium)," $1,900.00 ",,,,,,,,,,,,,,,
Nokia 6.1, $80.00 ,,S24 (Premium)," $1,290.00 ",,,,,,,,,,,,,,,
Nokia C01 Plus, $70.00 ,,S24 fe (Premium)," $1,015.00 ",,,,,,,,,,,,,,,
Nokia C20, $75.00 ,,S24 plus (Premium)," $1,600.00 ",,,,,,,,,,,,,,,
Nokia C21 Plus, $85.00 ,,Note 10 (Premium)," $1,105.00 ",,,,,,,,,,,,,,,
Nokia C30, $85.00 ,,Note 20 (Premium), $765.00 ,,,,,,,,,,,,,,,
Nokia G11 plus, $85.00 ,,Note 20 Ultra (Premium), $990.00 ,,,,,,,,,,,,,,,
Nokia G21, $90.00 ,,,,,,,,,,,,,,,,,,
Nokia G50, $75.00 ,,,,,,,,,,,,,,,,,,
Nokia X10, $75.00 ,,,,,,,,,,,,,,,,,,
,,,,,,,,,,,,,,,,,,,
,,,,,,,,,,,,,,,,,,,
,,,,,,,,,,,,,,,,,,,
,,,,,,,,,,,,,,,,,,,
,,,,,,,,,,,,,,,,,,,
